-- phpMyAdmin SQL Dump
-- version 4.4.7
-- http://www.phpmyadmin.net
--
-- Host: localhost
-- Erstellungszeit: 07. Feb 2016 um 20:42
-- Server-Version: 5.5.44-MariaDB
-- PHP-Version: 5.5.30

SET SQL_MODE = "NO_AUTO_VALUE_ON_ZERO";
SET time_zone = "+00:00";


/*!40101 SET @OLD_CHARACTER_SET_CLIENT=@@CHARACTER_SET_CLIENT */;
/*!40101 SET @OLD_CHARACTER_SET_RESULTS=@@CHARACTER_SET_RESULTS */;
/*!40101 SET @OLD_COLLATION_CONNECTION=@@COLLATION_CONNECTION */;
/*!40101 SET NAMES utf8 */;

--
-- Datenbank: `nlpweb`
--

--
-- Daten für Tabelle `answer`
--

INSERT INTO `answer` (`id`, `type`, `answertext`, `question_id`, `correct`) VALUES
(63, 'IB', 'Ku-Baba', 1, 1),
(64, 'IB', 'Nefertari', 1, 0),
(65, 'IB', 'Cleopatra', 1, 0),
(66, 'IB', 'Nefertiti', 1, 0),
(67, 'IB', 'Margaret Thatcher', 2, 1),
(68, 'IB', 'Hanna Suchocka', 2, 0),
(69, 'IB', 'Elisabeth Domitien', 2, 0),
(70, 'IB', 'Edith Cresson', 2, 0),
(71, 'IB', 'Richard Milhous Nixon', 3, 1),
(72, 'IB', 'Martin Van Buren', 3, 0),
(73, 'IB', 'George H.W. Bush', 3, 0),
(74, 'IB', 'Gerald Rudolph Ford', 3, 0),
(75, 'IB', 'Edgar Allan Poe', 4, 1),
(76, 'IB', 'Mark Twain', 4, 0),
(77, 'IB', 'Agatha Christie', 4, 0),
(78, 'IB', 'Jules Verne', 4, 0),
(79, 'IB', 'Ulysses Grant', 5, 1),
(80, 'IB', 'James Buchanan', 5, 0),
(81, 'IB', 'Millard Fillmore', 5, 0),
(82, 'IB', 'Theodore Roosevelt', 5, 0),
(89, 'IB', 'Bertha von Suttner', 8, 1),
(90, 'IB', 'Emily Greene Balch', 8, 0),
(91, 'IB', 'Betty Williams', 8, 0),
(92, 'IB', 'Jane Addams', 8, 0),
(93, 'IB', 'Jimmy Carter', 9, 1),
(94, 'IB', 'Gerald Ford', 9, 0),
(95, 'IB', 'Bill Clinton', 9, 0),
(96, 'IB', 'Ronald Reagan', 9, 0),
(100, 'DB', 'John Napier', 10, 1),
(101, 'ES', 'John Napier', 10, 1),
(110, 'DB', 'Rene Descartes', 10, 0),
(111, 'DB', 'Blaise Pascal', 10, 0),
(112, 'DB', 'Robert Recorde', 10, 0),
(118, 'DB', 'Kurt Godel', 14, 1),
(119, 'ES', 'Kurt Godel', 14, 1),
(120, 'DB', 'Robert Schatten', 14, 0),
(121, 'DB', 'Paul Erdos', 14, 0),
(122, 'DB', 'Paul Wittenberg', 14, 0),
(123, 'DB', 'Jim Carrey', 15, 1),
(124, 'ES', 'Jim Carrey', 15, 1),
(125, 'DB', 'Dean Cain', 15, 0),
(126, 'DB', 'Matt Dillon', 15, 0),
(127, 'DB', 'Alan Cumming', 15, 0),
(128, 'DB', 'Ben Affleck', 16, 1),
(129, 'ES', 'Ben Affleck', 16, 1),
(130, 'DB', 'Matt Houston', 16, 0),
(131, 'DB', 'Matt Damon', 16, 0),
(132, 'DB', 'John Stamos', 16, 0),
(148, 'DB', 'Joe Morris', 20, 1),
(149, 'ES', 'Joe Morris', 20, 1),
(150, 'DB', 'Tiki Barber', 20, 0),
(151, 'DB', 'Otis Anderson', 20, 0),
(152, 'DB', 'Rodney Hampton', 20, 0),
(153, 'DB', 'Martin Wright', 21, 1),
(154, 'ES', 'Martin Wright', 21, 1),
(155, 'DB', 'James Gibson', 21, 0),
(156, 'DB', 'Brian Myers', 21, 0),
(157, 'DB', 'Cliff Compton', 21, 0),
(163, 'DB', 'William Christopher', 23, 1),
(164, 'ES', 'William Christopher', 23, 1),
(165, 'DB', 'Ted Bessell', 23, 0),
(166, 'DB', 'Allan Melvin', 23, 0),
(167, 'DB', 'Ronnie Schell', 23, 0),
(168, 'DB', 'Ludwig von Beethoven', 24, 1),
(169, 'ES', 'Ludwig von Beethoven', 24, 1),
(170, 'DB', 'Claude DeBussey', 24, 0),
(171, 'DB', 'Wolfgang Amadeus Mozart', 24, 0),
(172, 'DB', 'Igor Stravinsky', 24, 0),
(183, 'DB', 'Abraham Lincoln', 27, 1),
(184, 'ES', 'Abraham Lincoln', 27, 1),
(185, 'DB', 'Andrew Johnson', 27, 0),
(186, 'DB', 'James Polk', 27, 0),
(187, 'DB', 'Ulysses P. Grant', 27, 0),
(188, 'DB', 'Howie Mandel', 28, 1),
(189, 'ES', 'Howie Mandel', 28, 1),
(190, 'DB', 'Neil Sedaka', 28, 0),
(191, 'DB', 'Bob Dylan', 28, 0),
(192, 'DB', 'Isaac Stern', 28, 0),
(233, 'DB', 'Dwight D. Eisenhower', 37, 1),
(234, 'ES', 'Dwight D. Eisenhower', 37, 1),
(235, 'DB', 'Calvin Coolidge', 37, 0),
(236, 'DB', 'Douglas MacArthur', 37, 0),
(237, 'DB', 'George S. Patton', 37, 0),
(253, 'IB', 'Dan Marino', 41, 1),
(254, 'IB', 'Richard Dent', 41, 0),
(255, 'IB', 'Jake Scott', 41, 0),
(256, 'IB', 'Chuck Howley', 41, 0),
(257, 'IB', 'Benito Mussolini', 42, 1),
(258, 'IB', 'Nicolae Ceaucescu', 42, 0),
(259, 'IB', 'George Papadopulos', 42, 0),
(260, 'IB', 'Augusto Pinochet', 42, 0),
(261, 'IB', 'Kurt Cobain', 43, 1),
(262, 'IB', 'Eric Clapton', 43, 0),
(263, 'IB', 'Dave Grohl', 43, 0),
(264, 'IB', 'Krist Novoselic', 43, 0),
(265, 'DB', 'C S Lewis', 44, 1),
(266, 'ES', 'C S Lewis', 44, 1),
(267, 'DB', 'T S Elliot', 44, 0),
(268, 'DB', 'Lewis Carrol', 44, 0),
(269, 'DB', 'Brothers Grimm', 44, 0),
(270, 'DB', 'Dashiell Hammett', 45, 1),
(271, 'ES', 'Dashiell Hammett', 45, 1),
(272, 'DB', 'Mickey Spillane', 45, 0),
(273, 'DB', 'Mary Higgins Clark', 45, 0),
(274, 'DB', 'Louis LAmour', 45, 0),
(275, 'DB', 'Jake Gizuk', 46, 1),
(276, 'ES', 'Jake Guzik', 46, 1),
(277, 'DB', 'Ralph Capone', 46, 0),
(278, 'DB', 'Meyer Lansky', 46, 0),
(279, 'DB', 'Jimmy Hoffa', 46, 0),
(280, 'DB', 'Franz Beckenbauer', 47, 1),
(281, 'ES', 'Franz Beckenbauer', 47, 1),
(282, 'DB', 'Lev Yashin', 47, 0),
(283, 'DB', 'Ferenc Puskas', 47, 0),
(284, 'DB', 'Michael Balack', 47, 0),
(285, 'DB', 'Abraham Lincoln', 48, 1),
(286, 'ES', 'Abraham Lincoln', 48, 1),
(287, 'DB', 'Millard Fillmore', 48, 0),
(288, 'DB', 'James Garfield', 48, 0),
(289, 'DB', 'William Henry Harrison', 48, 0),
(290, 'DB', 'James Madison', 49, 1),
(291, 'ES', 'James Madison', 49, 1),
(292, 'DB', 'John Adams', 49, 0),
(293, 'DB', 'William Henry Harrison', 49, 0),
(294, 'DB', 'Thomas Jefferson', 49, 0),
(295, 'DB', 'President Obama', 50, 1),
(296, 'ES', 'President Obama', 50, 1),
(297, 'DB', 'Joseph Patrick Kennedy', 50, 0),
(298, 'DB', 'Caroline Kennedy', 50, 0),
(299, 'DB', 'Christopher Dodd', 50, 0),
(300, 'DB', 'Brad Pitt', 51, 1),
(301, 'ES', 'Brad Pitt', 51, 1),
(302, 'DB', 'Keifer Sutherland', 51, 0),
(303, 'DB', 'John Travolta', 51, 0),
(304, 'DB', 'Charlie Sheen', 51, 0),
(305, 'DB', 'Marco Polo', 52, 1),
(306, 'ES', 'Marco Polo', 52, 1),
(307, 'DB', 'Christopher Columbus', 52, 0),
(308, 'DB', 'Jan Kalvin', 52, 0),
(309, 'DB', 'Fernando Magellan', 52, 0),
(310, 'DB', 'Wim Wenders', 53, 1),
(311, 'ES', 'Wim Wenders', 53, 1),
(312, 'DB', 'Emir Kusturica', 53, 0),
(313, 'DB', 'Michelangelo Antonioni', 53, 0),
(314, 'DB', 'Pedro Almodóvar', 53, 0),
(315, 'DB', 'George Washington', 54, 1),
(316, 'ES', 'George Washington', 54, 1),
(317, 'DB', 'John Quincy Adams', 54, 0),
(318, 'DB', 'Chester B. Arthur', 54, 0),
(319, 'DB', 'James Madison', 54, 0),
(320, 'DB', 'Johan Santana', 55, 1),
(321, 'ES', 'Johan Santana', 55, 1),
(322, 'DB', 'Jake Peavy', 55, 0),
(323, 'DB', 'Roger Clemens', 55, 0),
(324, 'DB', 'John Clarkson', 55, 0),
(325, 'DB', 'Johnny Podres', 56, 1),
(326, 'ES', 'Johnny Podres', 56, 1),
(327, 'DB', 'Don Larsen', 56, 0),
(328, 'DB', 'Sandy  Amoros', 56, 0),
(329, 'DB', 'Yogi Berra', 56, 0),
(330, 'DB', 'Neal Patrick Harris', 57, 1),
(331, 'ES', 'Neal Patrick Harris', 57, 1),
(332, 'DB', 'George Clooney', 57, 0),
(333, 'DB', 'Edward Harris', 57, 0),
(334, 'DB', 'Robert Young', 57, 0),
(335, 'DB', 'Willie Nelson', 58, 1),
(336, 'ES', 'Willie Nelson', 58, 1),
(337, 'DB', 'Johnny Cash', 58, 0),
(338, 'DB', 'Keith Urban', 58, 0),
(339, 'DB', 'Merle Haggard', 58, 0),
(340, 'DB', 'John Cleese', 59, 1),
(341, 'ES', 'John Cleese', 59, 1),
(342, 'DB', 'Graham Chapman', 59, 0),
(343, 'DB', 'Eric Idle', 59, 0),
(344, 'DB', 'Terry Gilliam', 59, 0),
(345, 'DB', 'Billy Eckstine', 60, 1),
(346, 'ES', 'Billy Eckstine', 60, 1),
(347, 'DB', 'Johnny Hammond', 60, 0),
(348, 'DB', 'Jimmy Rushing', 60, 0),
(349, 'DB', 'Mel Torme', 60, 0),
(350, 'DB', 'Nigel Godrich', 61, 1),
(351, 'ES', 'Nigel Godrich', 61, 1),
(352, 'DB', 'Norman Whitfield', 61, 0),
(353, 'DB', 'Danger Mouse', 61, 0),
(354, 'DB', 'David Foster', 61, 0),
(355, 'DB', 'Handel', 62, 1),
(356, 'ES', 'Handel', 62, 1),
(357, 'DB', 'Hayden', 62, 0),
(358, 'DB', 'Chopin', 62, 0),
(359, 'DB', 'Mozart', 62, 0),
(360, 'ES', 'The Truman Show', 15, 0),
(361, 'ES', 'The Descendants', 15, 0),
(362, 'ES', 'High Noon', 15, 0),
(363, 'ES', 'Whoopi Goldberg', 16, 0),
(364, 'ES', 'Rosie O''Donnell', 16, 0),
(365, 'ES', 'Recep Tayyip Erdoğan', 16, 0),
(366, 'ES', 'Shawn Michaels', 21, 0),
(367, 'ES', 'Ricky Ortiz', 21, 0),
(368, 'ES', 'Superstar Billy Graham', 21, 0),
(369, 'ES', 'Martin Sherman', 23, 0),
(370, 'ES', 'Lathan Toland', 23, 0),
(371, 'ES', 'Richard Long', 23, 0),
(372, 'ES', 'Hugo Reinhold', 24, 0),
(373, 'ES', 'Alfred Maria Willner', 24, 0),
(374, 'ES', 'Franz Lehár', 24, 0),
(375, 'ES', 'John Urry', 44, 0),
(376, 'ES', 'Lady Randolph Churchill', 44, 0),
(377, 'ES', 'Lord Randolph Churchill', 44, 0),
(378, 'ES', 'Francis W. Doughty', 45, 0),
(379, 'ES', 'Anthony M. Rud', 45, 0),
(380, 'ES', 'Patricia Highsmith', 45, 0),
(381, 'ES', 'Philip Paul', 46, 0),
(382, 'ES', 'Abraham Landau', 46, 0),
(383, 'ES', 'Joseph Toblinsky', 46, 0),
(384, 'ES', 'George Best', 47, 0),
(385, 'ES', 'Raymond Kopa', 47, 0),
(386, 'ES', 'Jean-Pierre Papin', 47, 0),
(387, 'ES', 'James Wilder', 20, 0),
(388, 'ES', 'Rocky Freitas', 20, 0),
(389, 'ES', 'Al Baker', 20, 0),
(390, 'ES', 'Haile Selassie', 37, 0),
(391, 'ES', 'George H. W. Bush', 37, 0),
(392, 'ES', 'Chester A. Arthur', 37, 0),
(393, 'ES', 'John F. Kennedy', 48, 0),
(394, 'ES', 'Chester A. Arthur', 48, 0),
(395, 'ES', 'George H. W. Bush', 48, 0),
(396, 'ES', 'Charles Cotesworth Pinckney', 49, 0),
(397, 'ES', 'George Clinton', 49, 0),
(398, 'ES', 'John Quincy Adams', 49, 0),
(399, 'ES', 'Adlai Stevenson II', 50, 0),
(400, 'ES', 'Alton B. Parker', 50, 0),
(401, 'ES', 'Samuel J. Tilden', 50, 0),
(402, 'ES', 'The Truman Show', 51, 0),
(403, 'ES', 'Richard Attenborough', 51, 0),
(404, 'ES', 'Eddie Murphy', 51, 0),
(405, 'ES', 'Muhammad al-Idrisi', 52, 0),
(406, 'ES', 'Eldad ha-Dani', 52, 0),
(407, 'ES', 'Ahmad ibn Rustah', 52, 0),
(408, 'ES', 'Jean-Pierre Jeunet', 53, 0),
(409, 'ES', 'John Schlesinger', 53, 0),
(410, 'ES', 'Bob Fosse', 53, 0),
(411, 'ES', 'Aaron Burr', 54, 0),
(412, 'ES', 'Thomas Jefferson', 54, 0),
(413, 'ES', 'Franklin D. Roosevelt', 54, 0),
(414, 'ES', 'Cy Young', 55, 0),
(415, 'ES', 'Hal Newhouser', 55, 0),
(416, 'ES', 'Justin Verlander', 55, 0),
(417, 'ES', 'Reggie Jackson', 56, 0),
(418, 'ES', 'Whitey Ford', 56, 0),
(419, 'ES', 'World Series Most Valuable Player Award', 56, 0),
(420, 'ES', 'William Fisken', 10, 0),
(421, 'ES', 'David Freebairn', 10, 0),
(422, 'ES', 'John Wemyss', 10, 0),
(423, 'ES', 'Johannes Scotus Eriugena', 14, 0),
(424, 'ES', 'Josef Schächter', 14, 0),
(425, 'ES', 'Arcesilaus', 14, 0),
(426, 'ES', 'John McCain', 27, 0),
(427, 'ES', 'James G. Blaine', 27, 0),
(428, 'ES', 'Charles Evans Hughes', 27, 0),
(429, 'ES', 'Michael Grimm', 28, 0),
(430, 'ES', 'Ricardo Aleman', 28, 0),
(431, 'ES', 'The Pendragons', 28, 0),
(432, 'ES', 'Liz Stefanics', 57, 0),
(433, 'ES', 'Jacob Candelaria', 57, 0),
(434, 'ES', 'Siegfried & Roy', 57, 0),
(435, 'ES', 'Smokey Robinson', 58, 0),
(436, 'ES', 'Liza Minnelli', 58, 0),
(437, 'ES', 'Billy Gibbons', 58, 0),
(438, 'ES', 'Eugene Simon', 59, 0),
(439, 'ES', 'Mario Babic', 59, 0),
(440, 'ES', 'Joe Gilgun', 59, 0),
(441, 'ES', 'Cory Wells & The Enemys', 60, 0),
(442, 'ES', 'Cuba Gooding, Sr.', 60, 0),
(443, 'ES', 'The Elgins', 60, 0),
(444, 'ES', 'Piggies', 61, 0),
(445, 'ES', 'Today''s the Day', 61, 0),
(446, 'ES', 'Live and Let Die', 61, 0),
(447, 'ES', 'Anthoni van Noordt', 62, 0),
(448, 'ES', 'Hieronymus Praetorius', 62, 0),
(449, 'ES', 'Chelsea Chen', 62, 0);

--
-- Daten für Tabelle `eval_session`
--

INSERT INTO `eval_session` (`id`, `start`, `end`, `resume_key`) VALUES
(1, '2016-01-24 18:49:34', '2016-01-24 18:59:51', 'zHHcr0kycGO8MNPphzmBJu7CTVsV9xjN'),
(2, '2016-01-29 14:05:53', '2016-01-29 14:23:58', 'ZBM7Ic3BPKIAnfnYkQiVpj2UTH0FUyhM'),
(3, '2016-02-01 19:36:08', '2016-02-01 19:39:52', '2HUgLKSpjaZe7tKLsI0YPSRniMzcND74'),
(4, '2016-02-01 20:45:01', '2016-02-01 20:50:19', 'scslKFSAAtGy4U11si5qDM5OKZramfHa'),
(6, '2016-02-01 21:07:52', '2016-02-01 21:14:07', 'psshJkU7BTjDy7UOPflDVpFYoBKuha3y'),
(7, '2016-02-01 23:14:34', '2016-02-01 23:20:11', 'QQtBPS5TEZlv1aXaOmpsjhARHBSVRk1e'),
(8, '2016-02-05 08:09:19', '2016-02-05 08:14:55', 'PTzHArVITBYbjKssz0ObbmqCSL29tP43'),
(9, '2016-02-05 08:09:41', '2016-02-05 08:18:05', 'wRa6ipcFA7QuiajJuhLwYRlZC8hBEWow'),
(10, '2016-02-05 08:12:37', '2016-02-05 08:20:07', 'TcCEnY2eDGOmbv6Kzow20aHLvZSdKYrc'),
(11, '2016-02-05 08:41:27', '2016-02-05 08:53:01', 'Jm7Zuu3LMQHig8kChPPGs0aoZeQeE8XD'),
(12, '2016-02-05 09:02:23', '2016-02-05 09:15:48', 'raLvWf0LEoR36kAmUh24sXBn1L3FJ1Z8'),
(13, '2016-02-05 09:19:57', '2016-02-05 09:27:08', 'HxPiDXVEktWMEJfHGjHUT5ge3Y5U2S1A'),
(14, '2016-02-05 09:22:27', '2016-02-05 09:35:07', 'gUWfWVhQLa6Eb7cOjlSWYfjIgfKViLIA'),
(15, '2016-02-05 09:26:59', '2016-02-05 09:46:04', 'wMzqGqIhVcuFXyz9GpwaX3jkeMMVdjSU'),
(16, '2016-02-05 10:01:30', '2016-02-05 10:10:56', 'u9qDlnPACjYCabFGvKBoZyWX7NjUqtg2'),
(17, '2016-02-05 10:03:25', '2016-02-05 10:07:02', 'dMlXRVP6E8yThy3PivmpOM1Bt0xqMKw3'),
(18, '2016-02-05 11:01:27', '2016-02-05 11:18:58', 'FC22he9NGcO0GkjXaSNIGNO2yOiaKTqw'),
(19, '2016-02-05 13:08:34', '2016-02-05 13:16:53', 'XdnwV4zAtOT6cCNvvTZILeCngCPmGH2O'),
(20, '2016-02-05 13:28:32', '2016-02-05 13:42:10', 'Xfa8uQNDQCiQ3xj9BXUoKLbLojHUro7e'),
(21, '2016-02-05 14:20:15', '2016-02-05 14:31:53', '80rYlpUthd2JQRnPDzhMAFzUWtBsaGdj'),
(22, '2016-02-05 14:24:00', '2016-02-05 14:36:41', 'SL3DuU1vmtqVvvuwad7Eb9xgITHkobgO'),
(23, '2016-02-05 14:29:03', '2016-02-05 14:46:22', 'ECXfRnYb1poL3MQMExyA0qveqJmdA18s'),
(24, '2016-02-05 16:30:10', '2016-02-05 16:35:21', 'XcNMSeit4bVcgOrboJP3gDSSliHZ31OS'),
(25, '2016-02-05 18:04:38', '2016-02-05 18:12:13', 'ickZGzZT5J2ePEAkAKWdXxTKtvpq4yL6'),
(26, '2016-02-05 18:12:29', '2016-02-05 18:30:15', '4weZLkJPQU2ag3FwYizszesWRDLaMsMB'),
(27, '2016-02-06 08:45:02', '2016-02-06 08:51:14', 'QcV0letlktnJQhY3MUPDDInS6ZfECFeN'),
(28, '2016-02-06 09:15:57', NULL, 'MF5Tau5HK77cbLn9nXzgwsyclAku5ztx'),
(29, '2016-02-06 10:23:41', '2016-02-06 10:33:01', 'ExGWgCfTbHdUD6vSj1eWePmKf0DomcK7'),
(30, '2016-02-06 17:36:33', NULL, '1o9kWrrWNG4FhFTbnMiMcZbinBmGxxd0');

--
-- Daten für Tabelle `eval_session_sets`
--

INSERT INTO `eval_session_sets` (`questionset_id`, `eval_session_id`, `evaluate_as`) VALUES
(1, 1, NULL),
(1, 2, NULL),
(1, 3, NULL),
(1, 4, NULL),
(1, 6, NULL),
(1, 7, NULL),
(1, 8, NULL),
(1, 9, NULL),
(1, 10, NULL),
(1, 11, NULL),
(1, 12, NULL),
(1, 13, NULL),
(1, 14, NULL),
(1, 15, NULL),
(1, 16, NULL),
(1, 17, NULL),
(1, 18, NULL),
(1, 19, NULL),
(1, 20, NULL),
(1, 21, NULL),
(1, 22, NULL),
(1, 23, NULL),
(1, 24, NULL),
(1, 25, NULL),
(1, 26, NULL),
(1, 27, NULL),
(1, 28, NULL),
(1, 29, NULL),
(1, 30, NULL),
(2, 1, 'DB'),
(2, 2, 'DB'),
(2, 4, 'DB'),
(2, 6, 'DB'),
(2, 8, 'ES'),
(2, 9, 'ES'),
(2, 11, 'ES'),
(2, 12, 'ES'),
(2, 14, 'ES'),
(2, 15, 'ES'),
(2, 17, 'ES'),
(2, 18, 'ES'),
(2, 20, 'ES'),
(2, 21, 'ES'),
(2, 23, 'ES'),
(2, 24, 'ES'),
(2, 25, 'DB'),
(2, 26, 'DB'),
(2, 29, 'ES'),
(3, 1, 'DB'),
(3, 3, 'DB'),
(3, 4, 'DB'),
(3, 7, 'DB'),
(3, 8, 'ES'),
(3, 10, 'ES'),
(3, 11, 'ES'),
(3, 13, 'ES'),
(3, 14, 'ES'),
(3, 16, 'ES'),
(3, 17, 'ES'),
(3, 19, 'ES'),
(3, 20, 'ES'),
(3, 22, 'ES'),
(3, 23, 'ES'),
(3, 25, 'DB'),
(3, 27, 'DB'),
(3, 28, 'ES'),
(3, 29, 'ES'),
(3, 30, 'ES'),
(4, 2, 'DB'),
(4, 3, 'DB'),
(4, 6, 'DB'),
(4, 7, 'DB'),
(4, 9, 'ES'),
(4, 10, 'ES'),
(4, 12, 'ES'),
(4, 13, 'ES'),
(4, 15, 'ES'),
(4, 16, 'ES'),
(4, 18, 'ES'),
(4, 19, 'ES'),
(4, 21, 'ES'),
(4, 22, 'ES'),
(4, 24, 'ES'),
(4, 26, 'DB'),
(4, 27, 'DB'),
(4, 28, 'ES'),
(4, 30, 'ES');

--
-- Daten für Tabelle `question`
--

INSERT INTO `question` (`id`, `questiontext`, `comment`, `questionset_id`) VALUES
(1, 'She was the first recorded female leader. She ruled the Mesopotamian City-State of Ur around 2500 BCE.', '', 1),
(2, 'She served as Prime Minister of the United Kingdom from 1979 to 1990, which makes her the first woman to hold this position in the UK.', '', 1),
(3, 'What U.S. President resigned because of the Watergate affair?', '', 1),
(4, 'This famous American poet and short story writer, alleged to have died as a result of alcoholism, wrote the poem The Raven.', '', 1),
(5, 'Which US President was fined $20 for speeding with his horse and carriage?', '', 1),
(8, 'What is the name of the first woman to be awarded the Nobel Peace Prize in 1905?', '', 1),
(9, 'What President of the United States was honored with the Nobel Prize for Peace in 2002?', '', 1),
(10, 'What was the name of the man who invented logarithms?', '', 4),
(14, 'Which great 20th century mathematician died because he refused to eat ?', '', 4),
(15, 'This actor made his film debut in Rubberface and followed it with appearances in Copper Mountain, Once Bitten and Peggy Sue Got Married before he hit the big time.', '', 2),
(16, 'In 2005, actress Jennifer Garner married this Hollywood movie star.', '', 2),
(20, 'Who was the Giants running back in Super Bowl XXI?', '', 2),
(21, 'What is the real name of the professional wrestler known as the Boogeyman?', '', 2),
(23, 'Pvt. Lester Hummel was played by which of these actors in the Gomer Pyle show?', '', 2),
(24, 'Which of the following composers wrote the Moonlight Sonata for piano?', '', 2),
(27, 'Who is the 16th president of the United States?', '', 4),
(28, 'Violin virtuoso Itzach Perlman is a cousin of this entertainer.', '', 4),
(37, 'Which US General became the Thirty-Fourth US President?', '', 3),
(41, 'Which of these players have never won the Super Bowl MVP?', '', 1),
(42, 'This person was expelled from the Socialist party on the grounds that he advocated Italys involvement in the Great War.  Following the war, he organized the Italian Fascist Party.', '', 1),
(43, 'This musician, who was only 57 (1,7 m) tall, was lead singer, songwriter, and guitarist of Nirvana and author of songs such as Come as You Are, In Bloom, Lithium, Heart-Shaped Box.', '', 1),
(44, 'Voyage of the Dawn Treader was written by this author.', '', 2),
(45, 'Which U.S. writer of detective fiction worked for the famous Pinkerton National Detective Agency?', '', 2),
(46, 'He was the most loyal friend of Al Capone. He was Capones treasurer and financial wizard. Because he was incapable of using a gun or killing a person, Al Capone protected him.', 'I had to correct the correct answer for the ES set, because otherwise the analysis engine was not able to find the corresponding wiki page.', 2),
(47, 'Which German soccer star was voted European Soccer Player of the Year in both 1972 and 1976?', '', 2),
(48, 'Which of these was the tallest U.S. President?', '', 3),
(49, 'George Washington was related to which other US President?', '', 3),
(50, 'Who delivered the eulogy at Senator Ted Kennedy funeral?', '', 3),
(51, 'Who portrayed Jesse James in the 2007 movie The Assassination of Jesse James by the Coward Bob Ford?', '', 3),
(52, 'The travels of what famous sailor are described in a 13th century travel book known as The Million?', '', 3),
(53, 'What European director created the 1984 movie Paris, Texas which was named after a US city of the same name?', '', 3),
(54, 'Which President of the United States wrote, Rules of Civility and Decent Behavior in Company and Conversation?', '', 3),
(55, 'He won the Triple Crown in 2006 and was traded after the next season.', '', 3),
(56, 'He was the first World Series Most Valuable Player.', '', 3),
(57, 'Who starred in Doogie Howser, M.D.?', '', 4),
(58, 'What country singer does Adrian Monk idolize on the hit TV show Monk?', '', 4),
(59, 'Which of the actors from Monty Python later starred in the highly successful sitcom Faulty Towers?', '', 4),
(60, 'Which vocalist with a remarkably smooth baritone voice was known for the songs "I Apologize", "Prisoner of Love", and "My Foolish Heart"?', '', 4),
(61, 'This famous producer is known for his long-running cooperation with British band Radiohead.', '', 4),
(62, 'A famous and talented composer was almost bankrupt when he wrote one of his best-known works, Judas Maccabaeus - an oratorio based on a Jewish theme. Who was this classical composer?', '', 4);

--
-- Daten für Tabelle `questionset`
--

INSERT INTO `questionset` (`id`, `type`, `name`, `comment`, `locked`) VALUES
(1, 'IB', 'Individual Baseline', 'Questions by Tobias Röding', 'IB'),
(2, 'DB/ES', 'Approach 1 Evaluation', 'questions-tobiask.txt\r\nnumcat=1,depth=3\r\n\r\nQuestion set by Tobias Kahse. Contains questions of the categories celebrities, geography, history, literature, people, and sports.', 'DB,ES'),
(3, 'DB/ES', 'Approach 2 Evaluation', 'questions-max.txt\r\nnumcat=2,depth=3', 'DB,ES'),
(4, 'DB/ES', 'Approach 3 Evaluation', 'questions-max.txt\r\nnumcat=3,depth=3\r\n\r\nEditor: Frank Hessel', 'DB,ES');

--
-- Daten für Tabelle `question_evaluation`
--

INSERT INTO `question_evaluation` (`eval_session_id`, `question_id`, `chosen_answer_id`, `needed_time`) VALUES
(1, 1, 66, 21596),
(1, 2, 67, 12329),
(1, 3, 71, 8018),
(1, 4, 75, 90215),
(1, 5, 82, 6101),
(1, 8, 91, 14152),
(1, 9, 95, 7538),
(1, 15, 123, 14958),
(1, 16, 131, 10209),
(1, 20, 148, 5216),
(1, 21, 155, 6612),
(1, 23, 165, 8759),
(1, 24, 168, 6372),
(1, 37, 236, 44739),
(1, 41, 255, 4868),
(1, 42, 259, 88502),
(1, 43, 261, 9240),
(1, 44, 267, 5454),
(1, 45, 273, 8060),
(1, 46, 279, 5163),
(1, 47, 280, 7603),
(1, 48, 285, 3667),
(1, 49, 290, 4525),
(1, 50, 299, 2905),
(1, 51, 300, 5052),
(1, 52, 305, 9779),
(1, 53, 310, 10326),
(1, 54, 317, 2464),
(1, 55, 324, 4374),
(1, 56, 328, 27778),
(2, 1, 64, 64304),
(2, 2, 67, 17731),
(2, 3, 71, 14537),
(2, 4, 75, 28492),
(2, 5, 82, 13903),
(2, 8, 91, 55697),
(2, 9, 95, 13253),
(2, 10, 111, 20415),
(2, 14, 118, 47184),
(2, 15, 123, 50887),
(2, 16, 128, 17844),
(2, 20, 148, 8568),
(2, 21, 153, 9176),
(2, 23, 166, 12639),
(2, 24, 171, 34024),
(2, 27, 183, 12580),
(2, 28, 191, 54392),
(2, 41, 253, 14952),
(2, 42, 257, 37753),
(2, 43, 261, 40089),
(2, 44, 267, 34633),
(2, 45, 274, 17180),
(2, 46, 278, 55478),
(2, 47, 280, 30388),
(2, 57, 332, 31404),
(2, 58, 337, 64245),
(2, 59, 343, 145344),
(2, 60, 347, 54508),
(2, 61, 350, 28942),
(2, 62, 355, 47940),
(3, 1, 63, 11277),
(3, 2, 67, 7693),
(3, 3, 71, 5726),
(3, 4, 77, 7567),
(3, 5, 82, 4936),
(3, 8, 89, 7445),
(3, 9, 96, 6757),
(3, 10, 110, 7947),
(3, 14, 120, 6475),
(3, 27, 183, 4347),
(3, 28, 190, 5122),
(3, 37, 233, 6495),
(3, 41, 255, 5305),
(3, 42, 257, 9504),
(3, 43, 261, 6754),
(3, 48, 285, 5019),
(3, 49, 294, 5033),
(3, 50, 297, 6872),
(3, 51, 302, 8426),
(3, 52, 305, 11628),
(3, 53, 312, 7141),
(3, 54, 317, 4322),
(3, 55, 322, 4539),
(3, 56, 328, 3797),
(3, 57, 332, 3456),
(3, 58, 337, 9559),
(3, 59, 343, 4010),
(3, 60, 345, 2934),
(3, 61, 350, 4335),
(3, 62, 358, 10265),
(4, 1, 64, 12721),
(4, 2, 67, 9240),
(4, 3, 71, 5602),
(4, 4, 75, 7401),
(4, 5, 81, 11628),
(4, 8, 89, 11584),
(4, 9, 96, 9171),
(4, 15, 123, 12285),
(4, 16, 130, 6218),
(4, 20, 151, 8244),
(4, 21, 155, 5671),
(4, 23, 167, 5606),
(4, 24, 168, 6403),
(4, 37, 233, 12021),
(4, 41, 255, 7715),
(4, 42, 257, 16308),
(4, 43, 261, 21971),
(4, 44, 265, 17109),
(4, 45, 273, 7089),
(4, 46, 279, 19889),
(4, 47, 280, 9633),
(4, 48, 285, 10906),
(4, 49, 294, 10876),
(4, 50, 298, 8018),
(4, 51, 303, 16680),
(4, 52, 305, 13781),
(4, 53, 312, 10517),
(4, 54, 315, 8566),
(4, 55, 322, 4852),
(4, 56, 325, 3779),
(6, 1, 65, 22500),
(6, 2, 67, 12638),
(6, 3, 74, 16381),
(6, 4, 75, 13677),
(6, 5, 82, 11510),
(6, 8, 92, 12110),
(6, 9, 95, 8694),
(6, 10, 110, 13953),
(6, 14, 122, 11757),
(6, 15, 123, 14432),
(6, 16, 128, 9213),
(6, 20, 151, 13346),
(6, 21, 155, 8942),
(6, 23, 163, 9156),
(6, 24, 168, 10614),
(6, 27, 187, 9608),
(6, 28, 191, 8986),
(6, 41, 256, 5310),
(6, 42, 259, 11722),
(6, 43, 261, 13287),
(6, 44, 269, 7654),
(6, 45, 273, 9382),
(6, 46, 277, 35494),
(6, 47, 280, 12314),
(6, 57, 330, 9976),
(6, 58, 337, 14350),
(6, 59, 344, 10601),
(6, 60, 348, 8085),
(6, 61, 354, 13144),
(6, 62, 357, 11453),
(7, 1, 64, 21918),
(7, 2, 67, 6849),
(7, 3, 71, 6128),
(7, 4, 78, 18292),
(7, 5, 82, 9705),
(7, 8, 92, 13243),
(7, 9, 96, 15057),
(7, 10, 111, 7784),
(7, 14, 121, 8767),
(7, 27, 185, 7585),
(7, 28, 190, 9064),
(7, 37, 233, 9463),
(7, 41, 253, 9989),
(7, 42, 257, 11701),
(7, 43, 261, 8988),
(7, 48, 285, 5939),
(7, 49, 292, 5298),
(7, 50, 297, 7770),
(7, 51, 302, 9467),
(7, 52, 305, 16821),
(7, 53, 312, 15317),
(7, 54, 317, 24134),
(7, 55, 324, 9662),
(7, 56, 325, 8685),
(7, 57, 332, 3320),
(7, 58, 337, 11872),
(7, 59, 340, 11465),
(7, 60, 345, 16324),
(7, 61, 353, 9697),
(7, 62, 355, 10069),
(8, 1, 65, 32426),
(8, 2, 67, 10944),
(8, 3, 71, 6504),
(8, 4, 78, 11699),
(8, 5, 79, 8674),
(8, 8, 89, 9700),
(8, 9, 96, 6360),
(8, 15, 124, 17940),
(8, 16, 129, 11796),
(8, 20, 389, 7326),
(8, 21, 367, 5746),
(8, 23, 369, 6185),
(8, 24, 169, 5486),
(8, 37, 234, 7518),
(8, 41, 254, 5579),
(8, 42, 257, 13180),
(8, 43, 263, 16465),
(8, 44, 375, 9766),
(8, 45, 379, 24875),
(8, 46, 383, 14802),
(8, 47, 281, 6364),
(8, 48, 393, 4841),
(8, 49, 398, 8974),
(8, 50, 400, 8791),
(8, 51, 403, 12966),
(8, 52, 306, 9415),
(8, 53, 311, 15040),
(8, 54, 412, 12272),
(8, 55, 414, 6394),
(8, 56, 326, 10354),
(9, 1, 65, 30242),
(9, 2, 67, 15540),
(9, 3, 71, 11752),
(9, 4, 75, 17364),
(9, 5, 81, 22788),
(9, 8, 90, 19001),
(9, 9, 96, 12443),
(9, 10, 422, 13007),
(9, 14, 424, 11271),
(9, 15, 124, 21031),
(9, 16, 129, 12707),
(9, 20, 387, 20619),
(9, 21, 367, 16042),
(9, 23, 371, 15279),
(9, 24, 169, 7911),
(9, 27, 184, 8367),
(9, 28, 430, 51873),
(9, 41, 253, 13212),
(9, 42, 257, 16933),
(9, 43, 264, 18645),
(9, 44, 266, 15614),
(9, 45, 379, 24383),
(9, 46, 381, 14943),
(9, 47, 281, 10125),
(9, 57, 432, 10853),
(9, 58, 435, 9554),
(9, 59, 341, 12113),
(9, 60, 346, 12287),
(9, 61, 351, 12266),
(9, 62, 356, 15575),
(10, 1, 65, 7981),
(10, 2, 67, 7656),
(10, 3, 71, 7167),
(10, 4, 76, 14721),
(10, 5, 79, 13831),
(10, 8, 89, 14835),
(10, 9, 95, 9237),
(10, 10, 420, 9437),
(10, 14, 424, 11264),
(10, 27, 428, 10752),
(10, 28, 430, 10375),
(10, 37, 234, 19230),
(10, 41, 254, 19462),
(10, 42, 257, 12208),
(10, 43, 261, 8990),
(10, 48, 286, 6955),
(10, 49, 398, 20098),
(10, 50, 400, 23633),
(10, 51, 403, 28434),
(10, 52, 306, 8780),
(10, 53, 311, 22919),
(10, 54, 413, 16883),
(10, 55, 321, 10875),
(10, 56, 417, 26579),
(10, 57, 433, 11196),
(10, 58, 435, 16645),
(10, 59, 341, 8239),
(10, 60, 346, 18077),
(10, 61, 351, 11648),
(10, 62, 447, 36275),
(11, 1, 63, 32411),
(11, 2, 67, 19897),
(11, 3, 71, 10593),
(11, 4, 75, 22238),
(11, 5, 79, 20589),
(11, 8, 89, 23591),
(11, 9, 95, 43504),
(11, 15, 124, 37143),
(11, 16, 129, 15544),
(11, 20, 149, 25305),
(11, 21, 367, 20993),
(11, 23, 370, 13959),
(11, 24, 169, 6019),
(11, 37, 234, 12431),
(11, 41, 256, 16768),
(11, 42, 257, 23784),
(11, 43, 261, 12286),
(11, 44, 376, 22786),
(11, 45, 378, 23133),
(11, 46, 382, 19389),
(11, 47, 281, 13444),
(11, 48, 393, 24865),
(11, 49, 291, 25009),
(11, 50, 400, 19027),
(11, 51, 404, 20392),
(11, 52, 306, 12438),
(11, 53, 409, 70474),
(11, 54, 413, 38035),
(11, 55, 414, 20841),
(11, 56, 418, 19612),
(12, 1, 65, 153859),
(12, 2, 67, 56984),
(12, 3, 71, 8523),
(12, 4, 75, 18841),
(12, 5, 82, 15591),
(12, 8, 89, 31655),
(12, 9, 93, 25968),
(12, 10, 101, 23426),
(12, 14, 119, 37552),
(12, 15, 124, 15010),
(12, 16, 129, 19270),
(12, 20, 387, 17306),
(12, 21, 154, 22511),
(12, 23, 164, 42109),
(12, 24, 169, 5605),
(12, 27, 184, 27515),
(12, 28, 189, 9768),
(12, 41, 255, 10239),
(12, 42, 257, 60485),
(12, 43, 261, 11181),
(12, 44, 266, 14604),
(12, 45, 378, 16319),
(12, 46, 276, 33175),
(12, 47, 281, 16704),
(12, 57, 331, 8413),
(12, 58, 435, 11209),
(12, 59, 440, 12587),
(12, 60, 443, 17149),
(12, 61, 351, 22207),
(12, 62, 356, 29914),
(13, 1, 65, 16616),
(13, 2, 67, 8927),
(13, 3, 71, 13135),
(13, 4, 75, 11894),
(13, 5, 82, 7293),
(13, 8, 90, 10833),
(13, 9, 96, 9470),
(13, 10, 421, 7533),
(13, 14, 424, 11558),
(13, 27, 184, 10378),
(13, 28, 430, 17049),
(13, 37, 391, 11511),
(13, 41, 254, 7404),
(13, 42, 257, 23113),
(13, 43, 261, 7022),
(13, 48, 286, 10373),
(13, 49, 398, 8977),
(13, 50, 400, 22155),
(13, 51, 301, 33287),
(13, 52, 306, 20720),
(13, 53, 311, 17894),
(13, 54, 412, 7734),
(13, 55, 415, 12754),
(13, 56, 418, 17271),
(13, 57, 433, 17730),
(13, 58, 436, 16045),
(13, 59, 341, 17844),
(13, 60, 442, 21581),
(13, 61, 351, 11018),
(13, 62, 356, 16213),
(14, 1, 66, 64744),
(14, 2, 69, 41746),
(14, 3, 71, 26615),
(14, 4, 75, 27667),
(14, 5, 82, 34994),
(14, 8, 91, 21502),
(14, 9, 95, 31716),
(14, 15, 124, 33785),
(14, 16, 129, 21604),
(14, 20, 387, 6798),
(14, 21, 154, 17882),
(14, 23, 369, 19050),
(14, 24, 169, 13593),
(14, 37, 391, 15553),
(14, 41, 253, 11707),
(14, 42, 259, 39025),
(14, 43, 261, 30680),
(14, 44, 266, 12092),
(14, 45, 380, 15307),
(14, 46, 276, 27298),
(14, 47, 281, 12171),
(14, 48, 286, 10584),
(14, 49, 291, 16650),
(14, 50, 400, 18115),
(14, 51, 403, 23825),
(14, 52, 306, 31530),
(14, 53, 408, 27476),
(14, 54, 316, 15807),
(14, 55, 414, 23897),
(14, 56, 326, 19869),
(15, 1, 66, 24002),
(15, 2, 67, 20223),
(15, 3, 71, 11705),
(15, 4, 75, 26518),
(15, 5, 82, 20969),
(15, 8, 90, 11915),
(15, 9, 95, 29871),
(15, 10, 421, 14000),
(15, 14, 119, 24263),
(15, 15, 360, 36409),
(15, 16, 129, 12099),
(15, 20, 149, 14552),
(15, 21, 366, 275712),
(15, 23, 369, 52316),
(15, 24, 169, 38133),
(15, 27, 184, 9912),
(15, 28, 429, 85048),
(15, 41, 255, 11204),
(15, 42, 257, 24625),
(15, 43, 261, 23981),
(15, 44, 375, 70377),
(15, 45, 271, 125033),
(15, 46, 382, 114063),
(15, 47, 281, 15090),
(15, 57, 432, 5976),
(15, 58, 437, 11722),
(15, 59, 341, 7221),
(15, 60, 443, 10075),
(15, 61, 445, 9457),
(15, 62, 449, 4631),
(16, 1, 64, 31985),
(16, 2, 67, 27708),
(16, 3, 74, 19977),
(16, 4, 75, 14741),
(16, 5, 81, 21530),
(16, 8, 92, 14650),
(16, 9, 96, 21270),
(16, 10, 101, 19867),
(16, 14, 424, 12234),
(16, 27, 427, 9599),
(16, 28, 429, 12037),
(16, 37, 234, 17393),
(16, 41, 256, 12049),
(16, 42, 257, 44962),
(16, 43, 261, 12933),
(16, 48, 393, 9504),
(16, 49, 398, 13588),
(16, 50, 401, 14390),
(16, 51, 403, 22675),
(16, 52, 306, 11138),
(16, 53, 410, 24022),
(16, 54, 411, 20706),
(16, 55, 415, 13361),
(16, 56, 326, 21138),
(16, 57, 331, 11000),
(16, 58, 435, 14993),
(16, 59, 341, 8146),
(16, 60, 441, 15995),
(16, 61, 351, 38814),
(16, 62, 356, 26834),
(17, 1, 66, 28629),
(17, 2, 67, 6464),
(17, 3, 71, 9768),
(17, 4, 75, 9574),
(17, 5, 82, 5527),
(17, 8, 89, 6170),
(17, 9, 95, 7494),
(17, 15, 361, 5192),
(17, 16, 129, 5921),
(17, 20, 388, 3932),
(17, 21, 368, 4101),
(17, 23, 369, 3882),
(17, 24, 373, 3240),
(17, 37, 234, 7137),
(17, 41, 255, 4890),
(17, 42, 257, 7383),
(17, 43, 262, 7290),
(17, 44, 266, 6532),
(17, 45, 379, 6212),
(17, 46, 276, 5895),
(17, 47, 281, 6180),
(17, 48, 286, 8116),
(17, 49, 396, 5205),
(17, 50, 296, 5876),
(17, 51, 402, 4110),
(17, 52, 405, 5474),
(17, 53, 409, 17205),
(17, 54, 412, 8271),
(17, 55, 321, 2953),
(17, 56, 326, 2249),
(18, 1, 65, 83991),
(18, 2, 70, 58551),
(18, 3, 73, 70188),
(18, 4, 76, 53035),
(18, 5, 82, 27952),
(18, 8, 92, 22063),
(18, 9, 94, 23354),
(18, 10, 422, 106652),
(18, 14, 424, 43812),
(18, 15, 124, 27318),
(18, 16, 129, 19438),
(18, 20, 149, 19864),
(18, 21, 366, 32182),
(18, 23, 164, 1420),
(18, 24, 372, 16969),
(18, 27, 426, 30120),
(18, 28, 430, 60185),
(18, 41, 254, 15290),
(18, 42, 257, 60346),
(18, 43, 261, 18706),
(18, 44, 377, 18666),
(18, 45, 271, 22200),
(18, 46, 381, 15301),
(18, 47, 281, 29702),
(18, 57, 331, 91237),
(18, 58, 437, 17308),
(18, 59, 341, 28684),
(18, 60, 346, 12525),
(18, 61, 445, 7725),
(18, 62, 449, 7079),
(19, 1, 66, 43463),
(19, 2, 67, 8396),
(19, 3, 71, 8629),
(19, 4, 75, 11641),
(19, 5, 79, 11972),
(19, 8, 90, 10602),
(19, 9, 93, 8753),
(19, 10, 420, 19163),
(19, 14, 119, 19619),
(19, 27, 184, 8688),
(19, 28, 430, 14928),
(19, 37, 234, 6277),
(19, 41, 253, 9887),
(19, 42, 257, 19392),
(19, 43, 261, 20941),
(19, 48, 286, 4748),
(19, 49, 398, 7004),
(19, 50, 401, 23637),
(19, 51, 403, 16291),
(19, 52, 405, 16985),
(19, 53, 311, 33110),
(19, 54, 412, 10709),
(19, 55, 415, 9148),
(19, 56, 417, 31310),
(19, 57, 331, 7003),
(19, 58, 336, 12147),
(19, 59, 341, 12896),
(19, 60, 346, 14411),
(19, 61, 351, 11468),
(19, 62, 447, 19523),
(20, 1, 65, 175506),
(20, 2, 70, 58537),
(20, 3, 71, 51041),
(20, 4, 76, 15085),
(20, 5, 80, 14817),
(20, 8, 90, 20081),
(20, 9, 95, 39548),
(20, 15, 124, 27679),
(20, 16, 129, 21567),
(20, 20, 149, 8758),
(20, 21, 367, 20881),
(20, 23, 369, 14459),
(20, 24, 169, 10873),
(20, 37, 234, 19844),
(20, 41, 253, 10845),
(20, 42, 259, 15248),
(20, 43, 261, 19913),
(20, 44, 266, 14768),
(20, 45, 378, 19467),
(20, 46, 382, 21387),
(20, 47, 281, 13979),
(20, 48, 393, 17931),
(20, 49, 397, 12643),
(20, 50, 400, 41346),
(20, 51, 404, 13918),
(20, 52, 406, 28651),
(20, 53, 409, 15506),
(20, 54, 412, 11149),
(20, 55, 321, 11690),
(20, 56, 418, 43506),
(21, 1, 66, 35110),
(21, 2, 67, 30424),
(21, 3, 71, 9509),
(21, 4, 75, 23036),
(21, 5, 79, 29483),
(21, 8, 90, 19673),
(21, 9, 95, 12143),
(21, 10, 420, 29452),
(21, 14, 424, 51130),
(21, 15, 124, 39317),
(21, 16, 129, 42676),
(21, 20, 389, 11296),
(21, 21, 367, 35025),
(21, 23, 370, 17897),
(21, 24, 169, 11329),
(21, 27, 184, 14682),
(21, 28, 189, 24683),
(21, 41, 253, 21920),
(21, 42, 257, 23310),
(21, 43, 261, 18791),
(21, 44, 266, 18938),
(21, 45, 378, 12013),
(21, 46, 382, 16885),
(21, 47, 281, 12515),
(21, 57, 331, 17590),
(21, 58, 437, 14323),
(21, 59, 341, 14973),
(21, 60, 346, 34523),
(21, 61, 351, 21569),
(21, 62, 356, 26169),
(22, 1, 65, 24936),
(22, 2, 67, 25141),
(22, 3, 73, 23781),
(22, 4, 76, 32623),
(22, 5, 79, 25486),
(22, 8, 92, 26911),
(22, 9, 96, 25983),
(22, 10, 101, 30449),
(22, 14, 424, 32644),
(22, 27, 426, 21233),
(22, 28, 429, 25527),
(22, 37, 391, 19994),
(22, 41, 254, 15013),
(22, 42, 259, 34766),
(22, 43, 261, 45550),
(22, 48, 286, 22441),
(22, 49, 291, 25383),
(22, 50, 399, 22291),
(22, 51, 404, 27856),
(22, 52, 306, 21807),
(22, 53, 410, 27038),
(22, 54, 412, 21802),
(22, 55, 321, 14830),
(22, 56, 419, 21749),
(22, 57, 331, 19456),
(22, 58, 436, 21891),
(22, 59, 440, 19670),
(22, 60, 442, 25517),
(22, 61, 445, 23261),
(22, 62, 356, 28835),
(23, 1, 65, 28541),
(23, 2, 67, 11271),
(23, 3, 71, 19655),
(23, 4, 78, 46624),
(23, 5, 82, 22952),
(23, 8, 89, 50359),
(23, 9, 95, 70348),
(23, 15, 124, 35278),
(23, 16, 129, 37826),
(23, 20, 389, 38196),
(23, 21, 366, 23095),
(23, 23, 369, 26609),
(23, 24, 169, 11376),
(23, 37, 234, 16670),
(23, 41, 253, 29900),
(23, 42, 259, 46614),
(23, 43, 261, 15881),
(23, 44, 375, 23293),
(23, 45, 378, 39122),
(23, 46, 383, 30489),
(23, 47, 281, 18858),
(23, 48, 286, 15239),
(23, 49, 291, 15874),
(23, 50, 401, 89295),
(23, 51, 301, 39512),
(23, 52, 306, 52306),
(23, 53, 408, 40016),
(23, 54, 412, 44179),
(23, 55, 416, 30663),
(23, 56, 417, 56939),
(24, 1, 65, 16778),
(24, 2, 67, 9577),
(24, 3, 71, 9430),
(24, 4, 75, 14175),
(24, 5, 82, 18361),
(24, 8, 90, 10797),
(24, 9, 96, 9432),
(24, 10, 422, 9221),
(24, 14, 424, 8759),
(24, 15, 124, 19202),
(24, 16, 129, 13218),
(24, 20, 389, 6869),
(24, 21, 366, 7118),
(24, 23, 164, 6634),
(24, 24, 169, 8210),
(24, 27, 184, 6176),
(24, 28, 430, 9212),
(24, 41, 255, 9223),
(24, 42, 257, 11973),
(24, 43, 262, 9231),
(24, 44, 266, 16327),
(24, 45, 271, 9757),
(24, 46, 383, 11610),
(24, 47, 281, 5970),
(24, 57, 433, 4070),
(24, 58, 336, 8221),
(24, 59, 440, 5703),
(24, 60, 346, 11472),
(24, 61, 351, 6776),
(24, 62, 447, 14129),
(25, 1, 65, 16940),
(25, 2, 67, 54233),
(25, 3, 71, 7748),
(25, 4, 75, 21312),
(25, 5, 82, 9154),
(25, 8, 89, 20033),
(25, 9, 93, 30911),
(25, 15, 123, 12620),
(25, 16, 131, 9414),
(25, 20, 148, 6864),
(25, 21, 155, 6560),
(25, 23, 167, 6613),
(25, 24, 168, 16584),
(25, 37, 233, 24343),
(25, 41, 255, 9022),
(25, 42, 257, 14544),
(25, 43, 261, 14017),
(25, 44, 265, 23584),
(25, 45, 273, 9176),
(25, 46, 278, 16601),
(25, 47, 280, 23136),
(25, 48, 285, 5581),
(25, 49, 294, 8850),
(25, 50, 297, 12406),
(25, 51, 300, 6234),
(25, 52, 305, 12857),
(25, 53, 313, 20114),
(25, 54, 315, 9208),
(25, 55, 320, 10489),
(25, 56, 327, 9437),
(26, 1, 65, 30603),
(26, 2, 67, 319164),
(26, 3, 71, 62177),
(26, 4, 76, 41534),
(26, 5, 82, 28045),
(26, 8, 92, 19296),
(26, 9, 95, 13340),
(26, 10, 100, 13168),
(26, 14, 122, 16524),
(26, 15, 123, 43871),
(26, 16, 131, 27354),
(26, 20, 148, 11447),
(26, 21, 155, 35691),
(26, 23, 165, 21122),
(26, 24, 168, 27596),
(26, 27, 185, 15104),
(26, 28, 191, 31854),
(26, 41, 256, 21746),
(26, 42, 257, 33999),
(26, 43, 261, 23221),
(26, 44, 268, 16510),
(26, 45, 273, 14267),
(26, 46, 277, 22297),
(26, 47, 284, 52112),
(26, 57, 332, 17241),
(26, 58, 337, 21250),
(26, 59, 340, 13504),
(26, 60, 348, 22210),
(26, 61, 354, 20154),
(26, 62, 357, 21222),
(27, 1, 64, 24786),
(27, 2, 67, 19504),
(27, 3, 71, 9267),
(27, 4, 76, 14841),
(27, 5, 82, 10362),
(27, 8, 91, 522),
(27, 9, 95, 14462),
(27, 10, 111, 13322),
(27, 14, 118, 7844),
(27, 27, 183, 4816),
(27, 28, 191, 11283),
(27, 37, 233, 9483),
(27, 41, 254, 8054),
(27, 42, 259, 54960),
(27, 43, 261, 11563),
(27, 48, 289, 4792),
(27, 49, 290, 12546),
(27, 50, 299, 13697),
(27, 51, 302, 16037),
(27, 52, 305, 18245),
(27, 53, 314, 21678),
(27, 54, 315, 9166),
(27, 55, 324, 8682),
(27, 56, 329, 5812),
(27, 57, 330, 7853),
(27, 58, 339, 9117),
(27, 59, 342, 7998),
(27, 60, 347, 2800),
(27, 61, 350, 3597),
(27, 62, 357, 7524),
(28, 1, 66, 18695),
(29, 1, 65, 16847),
(29, 2, 67, 10455),
(29, 3, 71, 10144),
(29, 4, 75, 23875),
(29, 5, 82, 29005),
(29, 8, 91, 20943),
(29, 9, 95, 17233),
(29, 15, 124, 33255),
(29, 16, 129, 13860),
(29, 20, 387, 14182),
(29, 21, 154, 8130),
(29, 23, 371, 24990),
(29, 24, 373, 14508),
(29, 37, 234, 12648),
(29, 41, 253, 24507),
(29, 42, 257, 28472),
(29, 43, 261, 11718),
(29, 44, 266, 26839),
(29, 45, 380, 21399),
(29, 46, 276, 17823),
(29, 47, 281, 8505),
(29, 48, 286, 7817),
(29, 49, 397, 17739),
(29, 50, 400, 15068),
(29, 51, 301, 18511),
(29, 52, 306, 20213),
(29, 53, 409, 30293),
(29, 54, 413, 19235),
(29, 55, 415, 18671),
(29, 56, 417, 18059),
(30, 1, 65, 19752),
(30, 2, 68, 35474);


/*!40101 SET CHARACTER_SET_CLIENT=@OLD_CHARACTER_SET_CLIENT */;
/*!40101 SET CHARACTER_SET_RESULTS=@OLD_CHARACTER_SET_RESULTS */;
/*!40101 SET COLLATION_CONNECTION=@OLD_COLLATION_CONNECTION */;
